[{"name":"frame_1","qualifiedName":"frame_1","href":"pages_frame_1/pages_frame_1-library.html","kind":9,"overriddenDepth":0,"packageRank":0,"desc":""},{"name":"Frame1","qualifiedName":"frame_1.Frame1","href":"pages_frame_1/Frame1-class.html","kind":3,"overriddenDepth":0,"packageRank":0,"desc":"","enclosedBy":{"name":"frame_1","kind":9,"href":"pages_frame_1/pages_frame_1-library.html"}},{"name":"Frame1","qualifiedName":"frame_1.Frame1.Frame1","href":"pages_frame_1/Frame1/Frame1.html","kind":2,"overriddenDepth":0,"packageRank":0,"desc":"","enclosedBy":{"name":"Frame1","kind":3,"href":"pages_frame_1/Frame1-class.html"}},{"name":"build","qualifiedName":"frame_1.Frame1.build","href":"pages_frame_1/Frame1/build.html","kind":10,"overriddenDepth":1,"packageRank":0,"desc":"Describes the part of the user interface represented by this widget.","enclosedBy":{"name":"Frame1","kind":3,"href":"pages_frame_1/Frame1-class.html"}},{"name":"frame_2","qualifiedName":"frame_2","href":"pages_frame_2/pages_frame_2-library.html","kind":9,"overriddenDepth":0,"packageRank":0,"desc":""},{"name":"Frame2","qualifiedName":"frame_2.Frame2","href":"pages_frame_2/Frame2-class.html","kind":3,"overriddenDepth":0,"packageRank":0,"desc":"","enclosedBy":{"name":"frame_2","kind":9,"href":"pages_frame_2/pages_frame_2-library.html"}},{"name":"Frame2","qualifiedName":"frame_2.Frame2.Frame2","href":"pages_frame_2/Frame2/Frame2.html","kind":2,"overriddenDepth":0,"packageRank":0,"desc":"","enclosedBy":{"name":"Frame2","kind":3,"href":"pages_frame_2/Frame2-class.html"}},{"name":"build","qualifiedName":"frame_2.Frame2.build","href":"pages_frame_2/Frame2/build.html","kind":10,"overriddenDepth":1,"packageRank":0,"desc":"Describes the part of the user interface represented by this widget.","enclosedBy":{"name":"Frame2","kind":3,"href":"pages_frame_2/Frame2-class.html"}},{"name":"frame_3","qualifiedName":"frame_3","href":"pages_frame_3/pages_frame_3-library.html","kind":9,"overriddenDepth":0,"packageRank":0,"desc":""},{"name":"Frame3","qualifiedName":"frame_3.Frame3","href":"pages_frame_3/Frame3-class.html","kind":3,"overriddenDepth":0,"packageRank":0,"desc":"","enclosedBy":{"name":"frame_3","kind":9,"href":"pages_frame_3/pages_frame_3-library.html"}},{"name":"Frame3","qualifiedName":"frame_3.Frame3.Frame3","href":"pages_frame_3/Frame3/Frame3.html","kind":2,"overriddenDepth":0,"packageRank":0,"desc":"","enclosedBy":{"name":"Frame3","kind":3,"href":"pages_frame_3/Frame3-class.html"}},{"name":"build","qualifiedName":"frame_3.Frame3.build","href":"pages_frame_3/Frame3/build.html","kind":10,"overriddenDepth":1,"packageRank":0,"desc":"Describes the part of the user interface represented by this widget.","enclosedBy":{"name":"Frame3","kind":3,"href":"pages_frame_3/Frame3-class.html"}},{"name":"frame_5","qualifiedName":"frame_5","href":"pages_frame_5/pages_frame_5-library.html","kind":9,"overriddenDepth":0,"packageRank":0,"desc":""},{"name":"Frame5","qualifiedName":"frame_5.Frame5","href":"pages_frame_5/Frame5-class.html","kind":3,"overriddenDepth":0,"packageRank":0,"desc":"","enclosedBy":{"name":"frame_5","kind":9,"href":"pages_frame_5/pages_frame_5-library.html"}},{"name":"Frame5","qualifiedName":"frame_5.Frame5.Frame5","href":"pages_frame_5/Frame5/Frame5.html","kind":2,"overriddenDepth":0,"packageRank":0,"desc":"","enclosedBy":{"name":"Frame5","kind":3,"href":"pages_frame_5/Frame5-class.html"}},{"name":"build","qualifiedName":"frame_5.Frame5.build","href":"pages_frame_5/Frame5/build.html","kind":10,"overriddenDepth":1,"packageRank":0,"desc":"Describes the part of the user interface represented by this widget.","enclosedBy":{"name":"Frame5","kind":3,"href":"pages_frame_5/Frame5-class.html"}},{"name":"main","qualifiedName":"main","href":"main/main-library.html","kind":9,"overriddenDepth":0,"packageRank":0,"desc":""},{"name":"MyApp","qualifiedName":"main.MyApp","href":"main/MyApp-class.html","kind":3,"overriddenDepth":0,"packageRank":0,"desc":"","enclosedBy":{"name":"main","kind":9,"href":"main/main-library.html"}},{"name":"MyApp","qualifiedName":"main.MyApp.MyApp","href":"main/MyApp/MyApp.html","kind":2,"overriddenDepth":0,"packageRank":0,"desc":"","enclosedBy":{"name":"MyApp","kind":3,"href":"main/MyApp-class.html"}},{"name":"build","qualifiedName":"main.MyApp.build","href":"main/MyApp/build.html","kind":10,"overriddenDepth":1,"packageRank":0,"desc":"Describes the part of the user interface represented by this widget.","enclosedBy":{"name":"MyApp","kind":3,"href":"main/MyApp-class.html"}},{"name":"main","qualifiedName":"main.main","href":"main/main.html","kind":8,"overriddenDepth":0,"packageRank":0,"desc":"","enclosedBy":{"name":"main","kind":9,"href":"main/main-library.html"}},{"name":"utils","qualifiedName":"utils","href":"utils/utils-library.html","kind":9,"overriddenDepth":0,"packageRank":0,"desc":""},{"name":"MyCustomScrollBehavior","qualifiedName":"utils.MyCustomScrollBehavior","href":"utils/MyCustomScrollBehavior-class.html","kind":3,"overriddenDepth":0,"packageRank":0,"desc":"","enclosedBy":{"name":"utils","kind":9,"href":"utils/utils-library.html"}},{"name":"MyCustomScrollBehavior","qualifiedName":"utils.MyCustomScrollBehavior.MyCustomScrollBehavior","href":"utils/MyCustomScrollBehavior/MyCustomScrollBehavior.html","kind":2,"overriddenDepth":0,"packageRank":0,"desc":"","enclosedBy":{"name":"MyCustomScrollBehavior","kind":3,"href":"utils/MyCustomScrollBehavior-class.html"}},{"name":"dragDevices","qualifiedName":"utils.MyCustomScrollBehavior.dragDevices","href":"utils/MyCustomScrollBehavior/dragDevices.html","kind":16,"overriddenDepth":0,"packageRank":0,"desc":"The device kinds that the scrollable will accept drag gestures from.","enclosedBy":{"name":"MyCustomScrollBehavior","kind":3,"href":"utils/MyCustomScrollBehavior-class.html"}}]
